land,country,case,share,id,lat,lon,color
Afghanistan,Afghanistan,,9999,AF,33,65,9999
Ägypten,Egypt,0,99999,EG,26,30,9999
Ålandinseln,Åland Islands,,9999,AX,,,9999
Albanien,Albania,,9999,AL,41.2,20.2,9999
Algerien,Algeria,0,99999,DZ,28,1.7,9999
Amerikanische Samoa-Inseln,American Samoa,,9999,AS,,,9999
Andorra,Andorra,,9999,AD,42.5,1.5,9999
Angola,Angola,,9999,AO,-12.3,17.5,9999
Anguilla,Anguilla,2,99999,AI,,,9999
Antarktis,Antarctica,,9999,AQ,,,9999
Antigua und Barbuda,Antigua and Barbuda,14,93.3,AG,17.3,-61.8,9999
Äquatorialguinea,Equatorial Guinea,,9999,GQ,1.7,10.3,9999
Argentinien,Argentina,26,54.2,AR,-38.4,-63.6,9999
Armenien,Armenia,,9999,AM,40.1,45,9999
Aruba,Aruba,17,37.8,AW,,,9999
Aserbaidschan,Azerbaijan,12,100,AZ,40.1,47.6,9999
Äthiopien,Ethiopia,,9999,ET,9.1,40.5,9999
Australien,Australia,3208,81.1,AU,-25.7,134.5,9999
Bahamas,Bahamas,,9999,BS,24.3,-76.6,9999
Bahrain,Bahrain,,9999,BH,26,50.6,9999
Bangladesch,Bangladesh,29,35.4,BD,23.7,90.4,9999
Barbados,Barbados,4,99999,BB,13.2,-59.6,9999
Belarus,Belarus,,9999,BY,53.7,28,9999
Belgien,Belgium,1444,53.4,BE,50.8,4,9999
Belize,Belize,,9999,BZ,17.2,-88.7,9999
Benin,Benin,,9999,BJ,9.6,2.3,9999
Bermuda,Bermuda,,9999,BM,,,9999
Bhutan,Bhutan,,9999,BT,27.5,90.4,9999
Bolivien,Bolivia,,9999,BO,-16.3,-63.6,9999
Bosnien und Herzegowina,Bosnia and Herzegovina,14,34.1,BA,43.9,17.7,9999
Botswana,Botswana,296,99.3,BW,-22.2,23.8,9999
Bouvet Island,Bouvet Island,,9999,BV,,,9999
Brasilien,Brazil,341,50.1,BR,-14.2,-51.9,9999
Britische Jungferninseln,British Virgin Islands,1,99999,VG,,,9999
Britisches Territorium des Indischen Ozeans,British Indian Ocean Territory,,9999,IO,,,9999
Brunei,Brunei,12,52.2,BN,4.5,114.7,9999
Bulgarien,Bulgaria,12,29.3,BG,42.7,25.5,9999
Burkina Faso,Burkina Faso,,9999,BF,12.2,-1.6,9999
Burundi,Burundi,,9999,BI,-3.4,29.9,9999
Cayman Islands,Cayman Islands,,9999,KY,,,9999
Chile,Chile,263,56.9,CL,-35.7,-71.5,9999
China,China,9,99999,CN,36.6,103.8,9999
Cookinseln,Cook Islands,,9999,CK,,,9999
Costa Rica,Costa Rica,61,61,CR,9.7,-83.8,9999
Curaçao,Curacao,4,99999,CW,12.17,69,9999
Dänemark,Denmark,15919,76.6,DK,56.3,9.5,9999
Deutschland,Germany,1095,20,DE,51.1,10.4,9999
Dominica,Dominica,,9999,DM,15.4,-61.4,9999
Dominikanische Republik,Dominican Republic,,9999,DO,18.7,-70.2,9999
DR Kongo,Republic of the Congo,20,100,CD,-4,21.8,9999
Dschibuti,Djibouti,,9999,DJ,11.7,42.6,9999
Ecuador,Ecuador,64,62.1,EC,-1.8,-78.2,9999
El Salvador,El Salvador,,9999,SV,13.7,-88.9,9999
Elfenbeinküste,Cote d'Ivoire,,9999,CI,7.5,-5.5,9999
Eritrea,Eritrea,,9999,ER,15.4,38.8,9999
Estland,Estonia,,9999,EE,58.6,25,9999
Eswatini,Eswatini,,9999,SZ,-26.5,31.5,9999
Falkland Inseln,Falkland Islands,,9999,FK,,,9999
Färöer Inseln,Faroes,,9999,FO,,,9999
Fiji,Fiji,,9999,FJ,-17.4,165.5,9999
Finnland,Finland,39,79.6,FI,64,26,9999
Frankreich,France,3046,53.2,FR,46.2,2.2,9999
Französisch-Guayana,French Guiana,135,82.3,GF,3.93,53.13,9999
Französisch-Polynesien,French Polynesia,,9999,PF,,,9999
Französische Südgebiete,French Southern Territories,,9999,TF,,,9999
Gabun,Gabon,,9999,GA,-0.6,11.8,9999
Gambia,Gambia,40,97.6,GM,13.4,-15.4,9999
Georgien,Georgia,125,65.8,GE,42.3,43.4,9999
Ghana,Ghana,1,99999,GH,8,-1.2,9999
Gibraltar,Gibraltar,77,50.3,GI,36.14,5.35,9999
Grenada,Grenada,,9999,GD,12.1,-61.7,9999
Griechenland,Greece,4,99999,EL,39.1,21.8,9999
Grönland,Greenland,,9999,GL,,,9999
Großbritannien,United Kingdom,101919,81.2,UK,55.4,-3.4,9999
Guadeloupe,Guadeloupe,4,99999,GP,,,9999
Guam,Guam,,9999,GU,,,9999
Guatemala,Guatemala,,9999,GT,15.7,-90.4,9999
Guernsey,Guernsey,,9999,GG,,,9999
Guinea,Guinea,,9999,GN,10.4,-10.9,9999
Guinea Bissau,Guinea-Bissau,,9999,GW,12,-14.9,9999
Guyana,Guyana,,9999,GY,4.8,-59,9999
Haiti,Haiti,,9999,HT,18.9,-72.7,9999
Heard Island und McDonald Islands,Heard Island and McDonald Islands,,9999,HM,,,9999
Honduras,Honduras,,9999,HN,15.2,-86.2,9999
Hongkong,Hong Kong,56,84.8,HK,22.32,114.17,9999
Indien,India,641,46.9,IN,21,78,9999
Indonesien,Indonesia,467,53.7,ID,-0.8,113.9,9999
Irak,Iraq,9,99999,IQ,33,44,9999
Iran,Iran,1,99999,IR,32,53,9999
Irland,Ireland,487,99.4,IE,53.1,-7.7,9999
Island,Iceland,,9999,IS,65,-19,9999
Isle of Man,Isle of Man,,9999,IM,,,9999
Israel,Israel,3010,68.3,IL,31,35,9999
Italien,Italy,2072,44.7,IT,43,12,9999
Jamaika,Jamaica,,9999,JM,18.1,-77.3,9999
Japan,Japan,627,88.4,JP,36,138,9999
Jemen,Yemen,,9999,YE,15.9,47.6,9999
Jersey,Jersey,,9999,JE,,,9999
Jordanien,Jordan,20,66.7,JO,31.2,36.5,9999
Kambodscha,Cambodia,45,38.8,KH,12.6,105,9999
Kamerun,Cameroon,,9999,CM,3.8,11.5,9999
Kanada,Canada,2065,74.1,CA,61.4,-98.3,9999
Kap Verde,Cabo Verde,,9999,CV,16,-24,9999
Kasachstan,Kazakhstan,6,99999,KZ,48.2,67.3,9999
Katar,Qatar,,9999,QA,25.4,51.2,9999
Kenia,Kenya,106,93.8,KE,0.6,37.8,9999
Kirgisistan,Kyrgyzstan,,9999,KG,41.5,74.5,9999
Kiribati,Kiribati,,9999,KI,-3.370417,-168.734039,9999
Kleinere abgelegene Inseln der Vereinigten Staaten,United States Minor Outlying Islands,,9999,UM,,,9999
Kokosinseln (Keelinginseln),Cocos (Keeling) Islands,,9999,CC,,,9999
Kolumbien,Colombia,198,65.3,CO,4.6,-74.3,9999
Komoren,Comoros,,9999,KM,-11.9,43.7,9999
Kongo,Congo (Kinshasa),,9999,CG,-0.8,15.2,9999
Kosovo,Kosovo,,9999,KV,42.6,20.9,9999
Kroatien,Croatia,1,99999,HR,45.2,15.5,9999
Kuba,Cuba,,9999,CU,21.6,-79,9999
Kuwait,Kuwait,,9999,KW,29.5,47.8,9999
Laos,Laos,,9999,LA,18.5,103.7,9999
Lesotho,Lesotho,,9999,LS,-29.6,28.2,9999
Lettland,Latvia,,9999,LV,56.9,24.6,9999
Libanon,Lebanon,0,99999,LB,33.9,35.9,9999
Liberia,Liberia,,9999,LR,6.5,-9.3,9999
Libyen,Libya,,9999,LY,27,18,9999
Liechtenstein,Liechtenstein,27,27,LI,47.1,9.6,9999
Litauen,Lithuania,108,45.4,LT,55.2,23.9,9999
Luxemburg,Luxembourg,213,23.2,LU,49.8,6.1,9999
Macau,Macao,,9999,MO,,,9999
Madagaskar,Madagascar,,9999,MG,-19.4,46.7,9999
Malawi,Malawi,72,100,MW,-13.2,34.3,9999
Malaysia,Malaysia,258,80.6,MY,2.5,112.5,9999
Malediven,Maldives,18,26.1,MV,3.2,73.2,9999
Mali,Mali,,9999,ML,17.3,-3.5,9999
Malta,Malta,48,29.1,MT,35.9,14.4,9999
Marokko,Morocco,22,71,MA,31.8,-7.1,9999
Marshallinseln,Marshall Islands,,9999,MH,7.1,171.2,9999
Martinique,Martinique,6,99999,MQ,14.64,61.02,9999
Mauretanien,Mauritania,,9999,MR,20.3,-10.3,9999
Mauritius,Mauritius,6,99999,MU,-20.3,57.6,9999
Mayotte,Mayotte,3,99999,YT,12.83,45.17,9999
Mexiko,Mexico,673,72.8,MX,23.9,-102.5,9999
Mikronesien,Micronesia,,9999,FM,7.4256,150.5508,9999
Moldawien,Moldova,16,57.1,MD,47.2,28.5,9999
Monaco,Monaco,,9999,MC,43.7,7.4,9999
Mongolei,Mongolia,,9999,MN,46.9,103.8,9999
Montenegro,Montenegro,1,99999,ME,42.8,19.2,9999
Montserrat,Montserrat,,9999,MS,,,9999
Mosambik,Mozambique,0,99999,MZ,-17.3,35.5,9999
Myanmar,Burma,,9999,MM,21.2,96.5,9999
Namibia,Namibia,0,99999,NA,-22.1,17.2,9999
Nauru,Nauru,,9999,NR,,,9999
Nepal,Nepal,25,75.8,NP,28.4,84.1,9999
Neu-Kaledonien,New Caledonia,,9999,NC,,,9999
Neuseeland,New Zealand,71,33.8,NZ,-40.9,174.9,9999
Nicaragua,Nicaragua,,9999,NI,12.8,-85,9999
Niederlande,Netherlands,1263,35.7,NL,52.1,5.3,9999
Niger,Niger,,9999,NE,17.4,9.4,9999
Nigeria,Nigeria,1,99999,NG,9.1,8.7,9999
Niue,Niue,,9999,NU,,,9999
Nordkorea,Korea (the Democratic People's Republic of),,9999,KP,,,9999
Nördliche Marianen,Northern Mariana Islands,,9999,MP,,,9999
Nordmazedonien,North Macedonia,1,99999,MK,41.6,21.7,9999
Norfolkinsel,Norfolk Island,,9999,NF,,,9999
Norwegen,Norway,93,42.1,NO,60.5,8.5,9999
Oman,Oman,1,99999,OM,21,57,9999
Österreich,Austria,1,99999,AT,47.5,14.6,9999
Osttimor,Timor-Leste,,9999,TL,8.9,125.7,9999
Pakistan,Pakistan,26,72.2,PK,30.4,69.3,9999
Palästina,West Bank and Gaza,,9999,PS,31.4,34.3,9999
Palau,Palau,,9999,PW,7.515,134.5825,9999
Panama,Panama,0,99999,PA,8.5,-80.8,9999
Papua-Neuguinea,Papua New Guinea,,9999,PG,-6.5,145.2,9999
Paraguay,Paraguay,,9999,PY,-23.4,-58.4,9999
Peru,Peru,20,100,PE,-9.2,-75,9999
Philippinen,Philippines,34,100,PH,12.9,121.8,9999
Pitcairn,Pitcairn,,9999,PN,,,9999
Polen,Poland,202,7.7,PL,51.9,19.1,9999
Portugal,Portugal,506,58.1,PT,39.4,-8.2,9999
Puerto Rico,Puerto Rico,376,95.7,PR,18.22,-66.59,9999
Réunion,Reunion,0,99999,RE,21.12,55.54,9999
Ruanda,Rwanda,,9999,RW,-2,29.9,9999
Rumänien,Romania,70,33.7,RO,46,25,9999
Russland,Russia,129,56.3,RU,60,90,9999
Saint Barthélemy,Saint Barthélemy,,9999,BL,,,9999
Saint Helena,Saint Helena,,9999,SH,,,9999
Saint Lucia,Saint Lucia,,9999,LC,13.9,-61,9999
Saint Pierre Miquelon,Saint Pierre Miquelon,,9999,PM,,,9999
Salomon-Inseln,Solomon Islands,,9999,SB,-9.6,160.2,9999
Sambia,Zambia,0,99999,ZM,-13.5,27.8,9999
Samoa,Samoa,,9999,WS,13.8,172.1,9999
San Marino,San Marino,,9999,SM,43.9,12.5,9999
São Tomé und Príncipe,Sao Tome and Principe,,9999,ST,0.4,6.7,9999
Saudi-Arabien,Saudi Arabia,,9999,SA,24,45,9999
Schweden,Sweden,1229,63.4,SE,63,16,9999
Schweiz,Switzerland,2152,51,CH,46.8,8.2,9999
Senegal,Senegal,17,47.2,SN,14.5,-14.5,9999
Serbien,Serbia,,9999,RS,44,21,9999
Seychellen,Seychelles,0,99999,SC,-4.7,55.5,9999
Sierra Leone,Sierra Leone,0,99999,SL,8.6,-11.8,9999
Simbabwe,Zimbabwe,0,99999,ZW,-19,29.9,9999
Singapur,Singapore,655,64.3,SG,1.3,103.8,9999
Slowakei,Slovakia,36,14,SK,48.7,19.7,9999
Slowenien,Slovenia,294,22.2,SI,46.2,15,9999
Somalia,Somalia,,9999,SO,4.8,45.7,9999
Somaliland,Somaliland,,9999,SX,,,9999
Spanien,Spain,1876,62.5,ES,40,-4,9999
Spitzbergen und Jan Mayen,Svalbard and Jan Mayen,,9999,SJ,,,9999
Sri Lanka,Sri Lanka,42,23.1,LK,7.9,80.8,9999
St. Kitts und Nevis,Saint Kitts and Nevis,2,99999,KN,17.3,-62.7,9999
St. Martin,Saint Martin,35,77.8,MF,18.07,63.05,9999
St. Vincent Grenadines,Saint Vincent and the Grenadines,2,99999,VC,13.2,-61.2,9999
Süd-Georgien und die südlichen Sandwich-Inseln,South Georgia and the South Sandwich Islands,,9999,GS,,,9999
Südafrika,South Africa,221,99.5,ZA,-30.6,22.9,9999
Sudan,Sudan,,9999,SD,16,29.9,9999
Südkorea,South Korea,0,99999,KR,36,128,9999
Südsudan,South Sudan,,9999,SS,7.3,30.2,9999
Surinam,Suriname,14,36.8,SR,4.1,-55.9,9999
Syrien,Syria,,9999,SY,35,38.5,9999
Tadschikistan,Tajikistan,,9999,TJ,38.5,71,9999
Taiwan,Taiwan*,,9999,TW,23.7,121,9999
Tansania,Tanzania,,9999,TZ,-6.3,34.8,9999
Thailand,Thailand,266,52.1,TH,15.9,101,9999
Togo,Togo,,9999,TG,8.6,0.8,9999
Tokelau,Tokelau,,9999,TK,,,9999
Tonga,Tonga,,9999,TO,21.179,175.1982,9999
Trinidad Tobago,Trinidad and Tobago,8,99999,TT,10.5,-61.3,9999
Tschad,Chad,,9999,TD,15.3,18.6,9999
Tschechien,Czech Republic,280,31.2,CZ,49.8,15.5,9999
Tunesien,Tunisia,,9999,TN,33.9,9.5,9999
Türkei,Turkey,745,21.2,TR,39,35.2,9999
Turkmenistan,Turkmenistan,,9999,TM,,,9999
Turks-und Caicosinseln,Turks and Caicos Islands,,9999,TC,,,9999
Tuvalu,Tuvalu,,9999,TV,,,9999
Uganda,Uganda,0,99999,UG,1.3,32.4,9999
Ukraine,Ukraine,1,99999,UA,48.4,31.2,9999
Ungarn,Hungary,,9999,HU,47.2,19.5,9999
Uruguay,Uruguay,,9999,UY,-32.8,-56,9999
US Jungferninseln,US Virgin Islands,,9999,VI,,,9999
USA,USA,83248,70.4,US,39.5,-98.3,9999
Usbekistan,Uzbekistan,,9999,UZ,41.8,63.1,9999
Vanuatu,Vanuatu,,9999,VU,-15.4,167,9999
Vatikan,Holy See,,9999,VA,41.9,12.4,9999
Venezuela,Venezuela,0,99999,VE,7.1,-66.2,9999
Vereinigte Arabische Emirate,United Arab Emirates,,9999,AE,23.4,53.8,9999
Vietnam,Vietnam,7,99999,VN,16,108,9999
Wallis and Futuna,Wallis and Futuna,,9999,WF,,,9999
Weihnachtsinsel,Christmas Island,,9999,CX,,,9999
Westsahara,Western Sahara,,9999,EH,,,9999
Zentralafrikanische Republik,Central African Republic,,9999,CF,6.6,20.5,9999
Zypern,Cyprus,,9999,CY,35.1,33.4,9999
NA,Bonaire,5,99999,NA,,,9999
NA,Sint Maarten,11,47.8,NA,,,9999
