"Kreis","Typ","Bundesland","Einwohner","Tote","Infizierte","Inzidenz","Neuinfektionen","Tote.in.7.Tagen","hc.key","lat","lon","Datum"
"Berlin","Kreisfreie Stadt","Berlin","3664088",4245,741869,1043,38215,20,"de-be-11000000","52.5015315807","13.4018502444","1.3.2022"
"Flensburg","Kreisfreie Stadt","Schleswig-Holstein","89934",57,12729,1383.2,1244,0,"de-sh-01001000","54.7849933768","9.43852835486","1.3.2022"
"Kiel","Kreisfreie Stadt","Schleswig-Holstein","246601",157,28169,804.9,1985,0,"de-sh-01002000","54.3248406926","10.1322443646","1.3.2022"
"Lübeck","Kreisfreie Stadt","Schleswig-Holstein","215846",126,27629,790.4,1706,0,"de-sh-01003000","53.8723167338","10.7272831058","1.3.2022"
"Neumünster","Kreisfreie Stadt","Schleswig-Holstein","79905",49,10554,1279,1022,0,"de-sh-01004000","54.0811244365","9.98448195474","1.3.2022"
"Dithmarschen","Kreis","Schleswig-Holstein","133251",79,12547,921.6,1228,1,"de-sh-01051000","54.1329109614","9.10781447873","1.3.2022"
"Herzogtum Lauenburg","Kreis","Schleswig-Holstein","199152",144,24353,794.9,1583,1,"de-sh-01053000","53.5890024203","10.6018592215","1.3.2022"
"Nordfriesland","Kreis","Schleswig-Holstein","167147",105,16976,1355.7,2266,1,"de-sh-01054000","54.6095639996","8.88688779292","1.3.2022"
"Ostholstein","Kreis","Schleswig-Holstein","201487",104,17186,809.5,1631,1,"de-sh-01055000","54.1896490274","10.8194270205","1.3.2022"
"Pinneberg","Kreis","Schleswig-Holstein","317085",438,41471,577.1,1830,1,"de-sh-01056000","53.7180840651","9.73686669973","1.3.2022"
"Plön","Kreis","Schleswig-Holstein","129353",44,9122,660.2,854,1,"de-sh-01057000","54.2433885939","10.3636951573","1.3.2022"
"Rendsburg-Eckernförde","Kreis","Schleswig-Holstein","274765",84,24856,976.5,2683,1,"de-sh-01058000","54.2896157359","9.78174206802","1.3.2022"
"Schleswig-Flensburg","Kreis","Schleswig-Holstein","202647",88,18891,1189.3,2410,1,"de-sh-01059000","54.6190195643","9.48870921465","1.3.2022"
"Segeberg","Kreis","Schleswig-Holstein","278007",231,34005,774.8,2154,2,"de-sh-01060000","53.9199857446","10.1409147199","1.3.2022"
"Steinburg","Kreis","Schleswig-Holstein","130706",61,11614,940.3,1229,2,"de-sh-01061000","53.9289451889","9.51938189615","1.3.2022"
"Stormarn","Kreis","Schleswig-Holstein","244989",349,31929,695.5,1704,2,"de-sh-01062000","53.7208005726","10.3316398811","1.3.2022"
"Hamburg","Kreisfreie Stadt","Hamburg","1852478",2294,349305,548.2,10155,2,"de-hh-02000000","53.5463773461","10.0207944156","1.3.2022"
"Braunschweig","Kreisfreie Stadt","Niedersachsen","248561",228,29238,1163.1,2891,2,"de-ni-03101000","52.275221093","10.5241080552","1.3.2022"
"Salzgitter","Kreisfreie Stadt","Niedersachsen","103866",131,19710,1469.2,1526,2,"de-ni-03102000","52.124474442","10.3707262339","1.3.2022"
"Wolfsburg","Kreisfreie Stadt","Niedersachsen","123840",133,19688,2016.3,2497,1,"de-ni-03103000","52.4107473932","10.7848707661","1.3.2022"
"Gifhorn","Landkreis","Niedersachsen","177227",265,24945,1438.3,2549,1,"de-ni-03151000","52.5802562309","10.6041704601","1.3.2022"
"Goslar","Landkreis","Niedersachsen","134688",161,16034,1319.3,1777,1,"de-ni-03153000","51.8746771574","10.400392667","1.3.2022"
"Helmstedt","Landkreis","Niedersachsen","91518",121,10953,1031.5,944,1,"de-ni-03154000","52.2607443342","10.8888387183","1.3.2022"
"Northeim","Landkreis","Niedersachsen","131772",93,13531,1855.5,2445,1,"de-ni-03155000","51.7425873324","9.84800893097","1.3.2022"
"Peine","Landkreis","Niedersachsen","135844",125,19141,1224.2,1663,1,"de-ni-03157000","52.3041913284","10.2552878088","1.3.2022"
"Wolfenbüttel","Landkreis","Niedersachsen","119361",112,12870,1159.5,1384,1,"de-ni-03158000","52.1269975166","10.583953795","1.3.2022"
"Göttingen","Landkreis","Niedersachsen","323900",340,28620,1083.1,3508,2,"de-ni-03159000","51.4989390206","9.92623513116","1.3.2022"
"Region Hannover","Landkreis","Niedersachsen","1155330",1309,182873,1344.4,15532,3,"de-ni-03241000","52.4219370696","9.71979904802","1.3.2022"
"Diepholz","Landkreis","Niedersachsen","218072",124,28395,956.6,2086,3,"de-ni-03251000","52.7284857794","8.70179913631","1.3.2022"
"Hameln-Pyrmont","Landkreis","Niedersachsen","148580",118,19714,1451.1,2156,3,"de-ni-03252000","52.0951381895","9.38989545155","1.3.2022"
"Hildesheim","Landkreis","Niedersachsen","275464",356,34524,1304.3,3593,3,"de-ni-03254000","52.0902189983","9.94348097201","1.3.2022"
"Holzminden","Landkreis","Niedersachsen","70207",85,7849,1196.5,840,3,"de-ni-03255000","51.8806325752","9.55140269027","1.3.2022"
"Nienburg (Weser)","Landkreis","Niedersachsen","121645",180,15178,1195.3,1454,1,"de-ni-03256000","52.6092228116","9.1143129274","1.3.2022"
"Schaumburg","Landkreis","Niedersachsen","158406",130,19646,1206.4,1911,1,"de-ni-03257000","52.2927923256","9.20656190484","1.3.2022"
"Celle","Landkreis","Niedersachsen","179386",113,23091,1077,1932,1,"de-ni-03351000","52.7133432321","10.1035661643","1.3.2022"
"Cuxhaven","Landkreis","Niedersachsen","198826",208,21556,1117.6,2222,1,"de-ni-03352000","53.6165865049","8.81238237187","1.3.2022"
"Harburg","Landkreis","Niedersachsen","256016",157,33290,842.9,2158,1,"de-ni-03353000","53.3157734164","9.96273884793","1.3.2022"
"Lüchow-Dannenberg","Landkreis","Niedersachsen","48503",30,4549,1059.7,514,1,"de-ni-03354000","53.0198717176","11.1229198942","1.3.2022"
"Lüneburg","Landkreis","Niedersachsen","184235",87,20362,780.5,1438,1,"de-ni-03355000","53.232575345","10.5732569229","1.3.2022"
"Osterholz","Landkreis","Niedersachsen","114640",72,12834,681.3,781,1,"de-ni-03356000","53.2510067251","8.80808093198","1.3.2022"
"Rotenburg (Wümme)","Landkreis","Niedersachsen","164486",119,17592,806.8,1327,1,"de-ni-03357000","53.2507583937","9.30658483814","1.3.2022"
"Heidekreis","Landkreis","Niedersachsen","140885",127,15064,981.7,1383,1,"de-ni-03358000","52.9283300914","9.76941135878","1.3.2022"
"Stade","Landkreis","Niedersachsen","205357",173,23279,746,1532,1,"de-ni-03359000","53.578976226","9.41807038986","1.3.2022"
"Uelzen","Landkreis","Niedersachsen","92566",135,8895,965.8,894,1,"de-ni-03360000","52.9836349419","10.5475810531","1.3.2022"
"Verden","Landkreis","Niedersachsen","137574",129,19761,819.2,1127,1,"de-ni-03361000","52.973235647","9.17546449952","1.3.2022"
"Delmenhorst","Kreisfreie Stadt","Niedersachsen","77503",83,12864,732.9,568,1,"de-ni-03401000","53.0494043992","8.64568293102","1.3.2022"
"Emden","Kreisfreie Stadt","Niedersachsen","49874",25,6301,1377.5,687,1,"de-ni-03402000","53.3606790665","7.18158411476","1.3.2022"
"Oldenburg (Oldb)","Kreisfreie Stadt","Niedersachsen","169605",57,19445,658.6,1117,1,"de-ni-03403000","53.1445781697","8.22435903936","1.3.2022"
"Osnabrück","Kreisfreie Stadt","Niedersachsen","164223",122,25290,1192.3,1958,1,"de-ni-03404000","52.2776798178","8.04703290985","1.3.2022"
"Wilhelmshaven","Kreisfreie Stadt","Niedersachsen","75189",74,8476,562.6,423,1,"de-ni-03405000","53.5659448147","8.08620462896","1.3.2022"
"Ammerland","Landkreis","Niedersachsen","125643",84,12215,799.1,1004,1,"de-ni-03451000","53.2184881736","8.01326226621","1.3.2022"
"Aurich","Landkreis","Niedersachsen","190178",91,18040,1114.2,2119,1,"de-ni-03452000","53.4964307678","7.36808958075","1.3.2022"
"Cloppenburg","Landkreis","Niedersachsen","172632",210,32784,1301,2246,1,"de-ni-03453000","52.9110290194","7.90471393786","1.3.2022"
"Emsland","Landkreis","Niedersachsen","328930",268,49381,1408.5,4633,1,"de-ni-03454000","52.7382970162","7.40268865164","1.3.2022"
"Friesland","Landkreis","Niedersachsen","98971",51,8021,815.4,807,1,"de-ni-03455000","53.510362974","7.98324746163","1.3.2022"
"Grafschaft Bentheim","Landkreis","Niedersachsen","137891",149,20524,1469.3,2026,1,"de-ni-03456000","52.4760534093","7.01985676166","1.3.2022"
"Leer","Landkreis","Niedersachsen","171483",93,18918,1154.1,1979,1,"de-ni-03457000","53.2435417357","7.46976164078","1.3.2022"
"Oldenburg","Landkreis","Niedersachsen","131467",133,17129,761.4,1001,1,"de-ni-03458000","52.9880769073","8.38939656642","1.3.2022"
"Osnabrück","Landkreis","Niedersachsen","359471",377,55973,1250.4,4495,1,"de-ni-03459000","52.3816139244","8.04515734225","1.3.2022"
"Vechta","Landkreis","Niedersachsen","143698",102,26794,678.5,975,1,"de-ni-03460000","52.6602901512","8.22305794318","1.3.2022"
"Wesermarsch","Landkreis","Niedersachsen","88524",138,10993,615.7,545,1,"de-ni-03461000","53.357641762","8.38864623114","1.3.2022"
"Wittmund","Landkreis","Niedersachsen","57384",47,4204,726.7,417,3,"de-ni-03462000","53.5734137385","7.7061235505","1.3.2022"
"Bremen","Kreisfreie Stadt","Bremen","566573",529,94204,653.4,3702,3,"de-ni-04011000","53.1195434664","8.78049374679","1.3.2022"
"Bremerhaven","Kreisfreie Stadt","Bremen","113557",152,21145,1003.9,1140,3,"de-hb-04012000","53.5381662933","8.58850522385","1.3.2022"
"Düsseldorf","Kreisfreie Stadt","Nordrhein-Westfalen","620523",723,119031,867.2,5381,1,"de-nw-05111000","51.235456959","6.81020262394","1.3.2022"
"Duisburg","Kreisfreie Stadt","Nordrhein-Westfalen","495885",848,83423,600.5,2978,2,"de-nw-05112000","51.439615769","6.73469184999","1.3.2022"
"Essen","Kreisfreie Stadt","Nordrhein-Westfalen","582415",728,93328,762,4438,1,"de-nw-05113000","51.433832766","7.01715391614","1.3.2022"
"Krefeld","Kreisfreie Stadt","Nordrhein-Westfalen","226844",238,41217,795.3,1804,1,"de-nw-05114000","51.3452191428","6.57966800647","1.3.2022"
"Mönchengladbach","Kreisfreie Stadt","Nordrhein-Westfalen","259665",293,41025,813,2111,1,"de-nw-05116000","51.1671935981","6.41197447381","1.3.2022"
"Mülheim an der Ruhr","Kreisfreie Stadt","Nordrhein-Westfalen","170921",301,28634,638.9,1092,1,"de-nw-05117000","51.4137814936","6.878461621","1.3.2022"
"Oberhausen","Kreisfreie Stadt","Nordrhein-Westfalen","209566",432,34662,586.9,1230,1,"de-nw-05119000","51.5131313527","6.84712049817","1.3.2022"
"Remscheid","Kreisfreie Stadt","Nordrhein-Westfalen","111516",237,23428,1098.5,1225,1,"de-nw-05120000","51.1826933037","7.22411565185","1.3.2022"
"Solingen","Kreisfreie Stadt","Nordrhein-Westfalen","159193",266,35240,1250.1,1990,1,"de-nw-05122000","51.1624551579","7.06606973298","1.3.2022"
"Wuppertal","Kreisfreie Stadt","Nordrhein-Westfalen","355004",578,72204,1026.2,3643,2,"de-nw-05124000","51.2506036112","7.16893008228","1.3.2022"
"Kleve","Kreis","Nordrhein-Westfalen","313586",289,43511,775.9,2433,2,"de-nw-05154000","51.6523631313","6.25880908496","1.3.2022"
"Mettmann","Kreis","Nordrhein-Westfalen","484322",919,88935,1669.8,8087,4,"de-nw-05158000","51.2571043543","6.96906518309","1.3.2022"
"Rhein-Kreis Neuss","Kreis","Nordrhein-Westfalen","452001",469,72330,1273.9,5758,1,"de-nw-05162000","51.1435712356","6.64932316692","1.3.2022"
"Viersen","Kreis","Nordrhein-Westfalen","298536",366,44954,917.5,2739,1,"de-nw-05166000","51.2828202383","6.32612051327","1.3.2022"
"Wesel","Kreis","Nordrhein-Westfalen","460113",384,70891,899.3,4138,1,"de-nw-05170000","51.6270425398","6.61836262868","1.3.2022"
"Bonn","Kreisfreie Stadt","Nordrhein-Westfalen","330579",342,56422,942.9,3117,1,"de-nw-05314000","50.7057346173","7.10983940994","1.3.2022"
"Köln","Kreisfreie Stadt","Nordrhein-Westfalen","1083498",975,214243,936.1,10143,1,"de-nw-05315000","50.9456668791","6.97321855167","1.3.2022"
"Leverkusen","Kreisfreie Stadt","Nordrhein-Westfalen","163905",151,30118,1286.7,2109,3,"de-nw-05316000","51.0530662603","7.01547411084","1.3.2022"
"Städteregion Aachen","Kreis","Nordrhein-Westfalen","556631",733,98395,772,4297,1,"de-nw-05334000","50.7275046127","6.21672721805","1.3.2022"
"Düren","Kreis","Nordrhein-Westfalen","265140",369,46087,1135.2,3010,2,"de-nw-05358000","50.8178950546","6.44556160998","1.3.2022"
"Rhein-Erft-Kreis","Kreis","Nordrhein-Westfalen","469611",500,80822,784.1,3682,2,"de-nw-05362000","50.9049330282","6.71649101914","1.3.2022"
"Euskirchen","Kreis","Nordrhein-Westfalen","194359",283,31437,1132.4,2201,2,"de-nw-05366000","50.5364731669","6.6441519123","1.3.2022"
"Heinsberg","Kreis","Nordrhein-Westfalen","256458",464,38228,728,1867,2,"de-nw-05370000","51.0493489074","6.16411292416","1.3.2022"
"Oberbergischer Kreis","Kreis","Nordrhein-Westfalen","271699",374,53082,1160.5,3153,2,"de-nw-05374000","51.0127091971","7.51662881723","1.3.2022"
"Rheinisch-Bergischer Kreis","Kreis","Nordrhein-Westfalen","283275",214,44931,920,2606,2,"de-nw-05378000","51.0230044262","7.19484653806","1.3.2022"
"Rhein-Sieg-Kreis","Kreis","Nordrhein-Westfalen","600375",672,92163,883.8,5306,2,"de-nw-05382000","50.7606389137","7.23457302819","1.3.2022"
"Bottrop","Kreisfreie Stadt","Nordrhein-Westfalen","117388",158,19709,666.2,782,1,"de-nw-05512000","51.5716938262","6.9201161778","1.3.2022"
"Gelsenkirchen","Kreisfreie Stadt","Nordrhein-Westfalen","259105",527,48450,760.7,1971,1,"de-nw-05513000","51.5539564213","7.07124023772","1.3.2022"
"Münster","Kreisfreie Stadt","Nordrhein-Westfalen","316403",178,40632,1051.5,3327,1,"de-nw-05515000","51.954316786","7.62364679497","1.3.2022"
"Borken","Kreis","Nordrhein-Westfalen","371898",355,68473,1572.7,5849,1,"de-nw-05554000","51.9613198354","6.89961561244","1.3.2022"
"Coesfeld","Kreis","Nordrhein-Westfalen","220712",119,28319,1264.1,2790,1,"de-nw-05558000","51.8668510417","7.36601223345","1.3.2022"
"Recklinghausen","Kreis","Nordrhein-Westfalen","613599",1169,102763,1101.2,6757,1,"de-nw-05562000","51.6724839158","7.15924893893","1.3.2022"
"Steinfurt","Kreis","Nordrhein-Westfalen","448197",414,67105,1311.3,5877,1,"de-nw-05566000","52.2115366779","7.57944671253","1.3.2022"
"Warendorf","Kreis","Nordrhein-Westfalen","277417",325,45335,1221.6,3389,1,"de-nw-05570000","51.8702227935","7.95829493253","1.3.2022"
"Bielefeld","Kreisfreie Stadt","Nordrhein-Westfalen","333509",476,57611,1182.3,3943,2,"de-nw-05711000","52.0109486234","8.54074389731","1.3.2022"
"Gütersloh","Kreis","Nordrhein-Westfalen","364818",421,72513,1366.7,4986,2,"de-nw-05754000","51.9317089342","8.35138605299","1.3.2022"
"Herford","Kreis","Nordrhein-Westfalen","250547",268,43523,1161.9,2911,2,"de-nw-05758000","52.1675778068","8.64393163854","1.3.2022"
"Höxter","Kreis","Nordrhein-Westfalen","139729",178,19084,1323.3,1849,1,"de-nw-05762000","51.6849407394","9.17809149846","1.3.2022"
"Lippe","Kreis","Nordrhein-Westfalen","346970",512,59138,1203,4174,1,"de-nw-05766000","51.9814226536","8.95083727251","1.3.2022"
"Minden-Lübbecke","Kreis","Nordrhein-Westfalen","310270",395,61208,1908,5920,1,"de-nw-05770000","52.3524754985","8.73934839311","1.3.2022"
"Paderborn","Kreis","Nordrhein-Westfalen","308335",204,43940,1213,3740,1,"de-nw-05774000","51.6641754561","8.7196350334","1.3.2022"
"Bochum","Kreisfreie Stadt","Nordrhein-Westfalen","364454",364,56787,895,3262,1,"de-nw-05911000","51.469927372","7.22493523189","1.3.2022"
"Dortmund","Kreisfreie Stadt","Nordrhein-Westfalen","587696",492,105775,833.8,4900,2,"de-nw-05913000","51.5160775711","7.47490090518","1.3.2022"
"Hagen","Kreisfreie Stadt","Nordrhein-Westfalen","188687",407,38127,814.6,1537,2,"de-nw-05914000","51.348045073","7.49755553757","1.3.2022"
"Hamm","Kreisfreie Stadt","Nordrhein-Westfalen","178967",261,34982,1132.6,2027,2,"de-nw-05915000","51.6651743978","7.82358619294","1.3.2022"
"Herne","Kreisfreie Stadt","Nordrhein-Westfalen","156940",333,30951,885.7,1390,2,"de-nw-05916000","51.5375332354","7.20855761523","1.3.2022"
"Ennepe-Ruhr-Kreis","Kreis","Nordrhein-Westfalen","323130",463,48898,726.3,2347,2,"de-nw-05954000","51.3468447914","7.32402933363","1.3.2022"
"Hochsauerlandkreis","Kreis","Nordrhein-Westfalen","259030",249,41677,1281.3,3319,2,"de-nw-05958000","51.3068253808","8.38507986661","1.3.2022"
"Märkischer Kreis","Kreis","Nordrhein-Westfalen","408662",558,79196,1102.1,4504,2,"de-nw-05962000","51.2626114418","7.71300809906","1.3.2022"
"Olpe","Kreis","Nordrhein-Westfalen","133362",189,20645,1149.5,1533,1,"de-nw-05966000","51.0861595881","7.97647726624","1.3.2022"
"Siegen-Wittgenstein","Kreis","Nordrhein-Westfalen","275491",244,46078,1339.4,3690,1,"de-nw-05970000","50.9377386445","8.19517026923","1.3.2022"
"Soest","Kreis","Nordrhein-Westfalen","301016",271,44295,1200.6,3614,1,"de-nw-05974000","51.5644104976","8.21743743758","1.3.2022"
"Unna","Kreis","Nordrhein-Westfalen","393618",594,62874,788.8,3105,1,"de-nw-05978000","51.5785745363","7.63644458507","1.3.2022"
"Darmstadt","Kreisfreie Stadt","Hessen","159174",182,26285,784.7,1249,1,"de-he-06411000","49.88144614","8.66468155462","1.3.2022"
"Frankfurt am Main","Kreisfreie Stadt","Hessen","764104",1128,154969,677.4,5176,2,"de-he-06412000","50.117968104","8.64419039448","1.3.2022"
"Offenbach am Main","Kreisfreie Stadt","Hessen","130892",249,31210,877.8,1149,2,"de-he-06413000","50.091078767","8.78096226536","1.3.2022"
"Wiesbaden","Kreisfreie Stadt","Hessen","278609",352,53259,961.6,2679,1,"de-he-06414000","50.0791566662","8.26036646911","1.3.2022"
"Bergstraße","Landkreis","Hessen","271015",413,45980,1687.7,4574,1,"de-he-06431000","49.6177012221","8.66011611597","1.3.2022"
"Darmstadt-Dieburg","Landkreis","Hessen","297701",385,45223,864.6,2574,1,"de-he-06432000","49.8555038512","8.79546987935","1.3.2022"
"Groß-Gerau","Landkreis","Hessen","275807",348,48920,642.5,1772,1,"de-he-06433000","49.9045086093","8.47025247743","1.3.2022"
"Hochtaunuskreis","Landkreis","Hessen","237281",252,33829,848.4,2013,1,"de-he-06434000","50.2816152547","8.50464605826","1.3.2022"
"Main-Kinzig-Kreis","Landkreis","Hessen","421689",774,79804,1118.1,4715,1,"de-he-06435000","50.2438645181","9.28622299151","1.3.2022"
"Main-Taunus-Kreis","Landkreis","Hessen","239264",280,38187,746,1785,1,"de-he-06436000","50.1025789147","8.43457121479","1.3.2022"
"Odenwaldkreis","Landkreis","Hessen","96754",211,16752,956,925,1,"de-he-06437000","49.6715861652","8.97952523934","1.3.2022"
"Offenbach","Landkreis","Hessen","356542",668,66657,885.7,3158,2,"de-he-06438000","50.0216774635","8.81143914637","1.3.2022"
"Rheingau-Taunus-Kreis","Landkreis","Hessen","187433",208,28693,945.9,1773,2,"de-he-06439000","50.1419717211","8.08113471294","1.3.2022"
"Wetteraukreis","Landkreis","Hessen","310353",595,48821,841.6,2612,2,"de-he-06440000","50.3547764783","8.90765705912","1.3.2022"
"Gießen","Landkreis","Hessen","271667",401,45283,1103.2,2997,1,"de-he-06531000","50.5702779049","8.80751371735","1.3.2022"
"Lahn-Dill-Kreis","Landkreis","Hessen","253373",274,40963,1111,2815,1,"de-he-06532000","50.6482687297","8.36532824","1.3.2022"
"Limburg-Weilburg","Landkreis","Hessen","172291",318,27555,1056.9,1821,1,"de-he-06533000","50.4274703547","8.19943723806","1.3.2022"
"Marburg-Biedenkopf","Landkreis","Hessen","245903",320,35905,835.7,2055,1,"de-he-06534000","50.8368638341","8.73804376785","1.3.2022"
"Vogelsbergkreis","Landkreis","Hessen","105506",122,14735,908,958,1,"de-he-06535000","50.6381193653","9.27137950882","1.3.2022"
"Kassel","Kreisfreie Stadt","Hessen","201048",235,32987,829.2,1667,1,"de-he-06611000","51.3114548137","9.46020305009","1.3.2022"
"Fulda","Landkreis","Hessen","223023",358,45723,1082.4,2414,1,"de-he-06631000","50.5638809858","9.75913916517","1.3.2022"
"Hersfeld-Rotenburg","Landkreis","Hessen","120304",215,17926,739.8,890,1,"de-he-06632000","50.90618961","9.7529324059","1.3.2022"
"Kassel","Landkreis","Hessen","237007",255,31492,897.4,2127,1,"de-he-06633000","51.4012961379","9.4070389164","1.3.2022"
"Schwalm-Eder-Kreis","Landkreis","Hessen","179840",274,22666,821.3,1477,1,"de-he-06634000","51.0237758195","9.3736523386","1.3.2022"
"Waldeck-Frankenberg","Landkreis","Hessen","156528",178,22666,1134.6,1776,1,"de-he-06635000","51.1906875733","8.88888422026","1.3.2022"
"Werra-Meißner-Kreis","Landkreis","Hessen","100046",195,12183,837.6,838,1,"de-he-06636000","51.190756376","9.92890620729","1.3.2022"
"Koblenz","Kreisfreie Stadt","Rheinland-Pfalz","113388",180,16264,562.7,638,1,"de-rp-07111000","50.348516061","7.5795510239","1.3.2022"
"Ahrweiler","Landkreis","Rheinland-Pfalz","130479",84,16152,813.9,1062,1,"de-rp-07131000","50.4675853221","7.04497643896","1.3.2022"
"Altenkirchen (Westerwald)","Landkreis","Rheinland-Pfalz","129087",120,16901,918,1185,1,"de-rp-07132000","50.750747657","7.74412525976","1.3.2022"
"Bad Kreuznach","Landkreis","Rheinland-Pfalz","158746",160,22747,772.9,1227,1,"de-rp-07133000","49.8248204055","7.68666499174","1.3.2022"
"Birkenfeld","Landkreis","Rheinland-Pfalz","80830",124,11445,695.3,562,1,"de-rp-07134000","49.7125403895","7.27765459793","1.3.2022"
"Cochem-Zell","Landkreis","Rheinland-Pfalz","61578",87,7322,876.9,540,1,"de-rp-07135000","50.1328800059","7.17431996528","1.3.2022"
"Mayen-Koblenz","Landkreis","Rheinland-Pfalz","214786",214,26609,572.2,1229,1,"de-rp-07137000","50.3316078654","7.33216943214","1.3.2022"
"Neuwied","Landkreis","Rheinland-Pfalz","183131",230,25639,634,1161,1,"de-rp-07138000","50.5577005458","7.46900064967","1.3.2022"
"Rhein-Hunsrück-Kreis","Landkreis","Rheinland-Pfalz","103401",122,13692,788.2,815,1,"de-rp-07140000","50.0442098205","7.50009971248","1.3.2022"
"Rhein-Lahn-Kreis","Landkreis","Rheinland-Pfalz","122574",115,15077,668.2,819,1,"de-rp-07141000","50.2632817442","7.84270993642","1.3.2022"
"Westerwaldkreis","Landkreis","Rheinland-Pfalz","202830",211,26304,906.2,1838,2,"de-rp-07143000","50.5523493705","7.86568137201","1.3.2022"
"Trier","Kreisfreie Stadt","Rheinland-Pfalz","110674",53,14173,857.5,949,1,"de-rp-07211000","49.762938832","6.65505102152","1.3.2022"
"Bernkastel-Wittlich","Landkreis","Rheinland-Pfalz","112685",89,13220,911.4,1027,1,"de-rp-07231000","49.924645182","6.96721862193","1.3.2022"
"Eifelkreis Bitburg-Prüm","Landkreis","Rheinland-Pfalz","100055",49,12404,742.6,743,1,"de-rp-07232000","50.0621597731","6.41012996519","1.3.2022"
"Vulkaneifel","Landkreis","Rheinland-Pfalz","60491",74,6739,912.5,552,1,"de-rp-07233000","50.2383358519","6.74865373201","1.3.2022"
"Trier-Saarburg","Landkreis","Rheinland-Pfalz","150533",126,19068,989.8,1490,1,"de-rp-07235000","49.6964711338","6.69519559648","1.3.2022"
"Frankenthal (Pfalz)","Kreisfreie Stadt","Rheinland-Pfalz","48750",77,8232,685.1,334,1,"de-rp-07311000","49.5330640295","8.35688379873","1.3.2022"
"Kaiserslautern","Kreisfreie Stadt","Rheinland-Pfalz","99662",169,15636,731.5,729,1,"de-rp-07312000","49.4328526023","7.76067474783","1.3.2022"
"Landau in der Pfalz","Kreisfreie Stadt","Rheinland-Pfalz","46685",59,6717,631.9,295,1,"de-rp-07313000","49.2244938821","8.05060075998","1.3.2022"
"Ludwigshafen am Rhein","Kreisfreie Stadt","Rheinland-Pfalz","172557",386,32475,580.7,1002,1,"de-rp-07314000","49.4820876658","8.39684453576","1.3.2022"
"Mainz","Kreisfreie Stadt","Rheinland-Pfalz","217123",247,34833,800,1737,1,"de-rp-07315000","49.9741865223","8.24149708463","1.3.2022"
"Neustadt an der Weinstraße","Kreisfreie Stadt","Rheinland-Pfalz","53306",54,8123,1099.3,586,1,"de-rp-07316000","49.3418758196","8.15228785937","1.3.2022"
"Pirmasens","Kreisfreie Stadt","Rheinland-Pfalz","40176",75,5251,968.2,389,1,"de-rp-07317000","49.1971270853","7.59436316477","1.3.2022"
"Speyer","Kreisfreie Stadt","Rheinland-Pfalz","50741",108,9570,563.6,286,1,"de-rp-07318000","49.3297181375","8.43501974938","1.3.2022"
"Worms","Kreisfreie Stadt","Rheinland-Pfalz","83459",123,15505,943,787,1,"de-rp-07319000","49.6494455343","8.32452863106","1.3.2022"
"Zweibrücken","Kreisfreie Stadt","Rheinland-Pfalz","34001",14,4407,1000,340,1,"de-rp-07320000","49.2481606938","7.36539388964","1.3.2022"
"Alzey-Worms","Landkreis","Rheinland-Pfalz","130715",168,18043,828.5,1083,1,"de-rp-07331000","49.759441395","8.15718502019","1.3.2022"
"Bad Dürkheim","Landkreis","Rheinland-Pfalz","133004",198,16443,891.7,1186,1,"de-rp-07332000","49.4530205976","8.11030493729","1.3.2022"
"Donnersbergkreis","Landkreis","Rheinland-Pfalz","75539",94,9401,934.6,706,1,"de-rp-07333000","49.631983052","7.9150113274","1.3.2022"
"Germersheim","Landkreis","Rheinland-Pfalz","129006",190,23396,1134.1,1463,1,"de-rp-07334000","49.1159081733","8.2461937699","1.3.2022"
"Kaiserslautern","Landkreis","Rheinland-Pfalz","106320",114,17252,1040.3,1106,1,"de-rp-07335000","49.446222318","7.6849815727","1.3.2022"
"Kusel","Landkreis","Rheinland-Pfalz","70105",89,7496,654.7,459,1,"de-rp-07336000","49.5498108558","7.47132028218","1.3.2022"
"Südliche Weinstraße","Landkreis","Rheinland-Pfalz","110783",143,14541,584,647,1,"de-rp-07337000","49.1903823441","8.04807600445","1.3.2022"
"Rhein-Pfalz-Kreis","Landkreis","Rheinland-Pfalz","154754",265,23803,574.5,889,1,"de-rp-07338000","49.416649982","8.36068108599","1.3.2022"
"Mainz-Bingen","Landkreis","Rheinland-Pfalz","211525",271,28192,692.6,1465,1,"de-rp-07339000","49.9220138826","8.07964875059","1.3.2022"
"Südwestpfalz","Landkreis","Rheinland-Pfalz","94912",113,10875,944,896,1,"de-rp-07340000","49.2082747366","7.65886718981","1.3.2022"
"Stuttgart","Stadtkreis","Baden-Württemberg","630305",635,107762,1472.6,9282,4,"de-bw-08111000","48.7745339639","9.17206798796","1.3.2022"
"Böblingen","Landkreis","Baden-Württemberg","392898",424,71901,983,3862,4,"de-bw-08115000","48.6782256288","8.9427773012","1.3.2022"
"Esslingen","Landkreis","Baden-Württemberg","533617",735,101220,1207.4,6443,4,"de-bw-08116000","48.6480216763","9.36916572775","1.3.2022"
"Göppingen","Landkreis","Baden-Württemberg","258781",361,51958,1315.4,3404,4,"de-bw-08117000","48.6631483606","9.71750497706","1.3.2022"
"Ludwigsburg","Landkreis","Baden-Württemberg","544971",665,96612,839.7,4576,4,"de-bw-08118000","48.940602979","9.12434425665","1.3.2022"
"Rems-Murr-Kreis","Landkreis","Baden-Württemberg","427286",524,79455,1394.1,5957,4,"de-bw-08119000","48.899008131","9.50121295556","1.3.2022"
"Heilbronn","Stadtkreis","Baden-Württemberg","126458",226,29983,1185.4,1499,4,"de-bw-08121000","49.1527195922","9.18234690067","1.3.2022"
"Heilbronn","Landkreis","Baden-Württemberg","346363",306,70060,1474.8,5108,1,"de-bw-08125000","49.177198517","9.19077872323","1.3.2022"
"Hohenlohekreis","Landkreis","Baden-Württemberg","112765",162,22341,1616.6,1823,1,"de-bw-08126000","49.2715461389","9.61413578119","1.3.2022"
"Schwäbisch Hall","Landkreis","Baden-Württemberg","197860",314,40315,1475.3,2919,1,"de-bw-08127000","49.1444689707","9.90893216762","1.3.2022"
"Main-Tauber-Kreis","Landkreis","Baden-Württemberg","132684",147,23433,1676.2,2224,1,"de-bw-08128000","49.5607007055","9.72508840096","1.3.2022"
"Heidenheim","Landkreis","Baden-Württemberg","132812",256,29312,1422.3,1889,1,"de-bw-08135000","48.6622814605","10.182150425","1.3.2022"
"Ostalbkreis","Landkreis","Baden-Württemberg","314294",522,62767,1641.5,5159,1,"de-bw-08136000","48.877525969","10.0901573582","1.3.2022"
"Baden-Baden","Stadtkreis","Baden-Württemberg","55449",90,9637,1035.2,574,1,"de-bw-08211000","48.748527439","8.23176220313","1.3.2022"
"Karlsruhe","Stadtkreis","Baden-Württemberg","308436",310,48799,1130.5,3487,1,"de-bw-08212000","49.0113339856","8.41266976981","1.3.2022"
"Karlsruhe","Landkreis","Baden-Württemberg","446852",603,77435,1261,5635,1,"de-bw-08215000","49.0818849258","8.56279664203","1.3.2022"
"Rastatt","Landkreis","Baden-Württemberg","232091",323,43941,1276.7,2963,1,"de-bw-08216000","48.7618192531","8.24124756893","1.3.2022"
"Heidelberg","Stadtkreis","Baden-Württemberg","158741",88,22287,1722.9,2735,1,"de-bw-08221000","49.4055152955","8.69417184974","1.3.2022"
"Mannheim","Stadtkreis","Baden-Württemberg","309721",441,58039,1882.3,5830,3,"de-bw-08222000","49.4994190357","8.50032443773","1.3.2022"
"Neckar-Odenwald-Kreis","Landkreis","Baden-Württemberg","143797",189,25389,1756.6,2526,3,"de-bw-08225000","49.4666097739","9.28011000163","1.3.2022"
"Rhein-Neckar-Kreis","Landkreis","Baden-Württemberg","548233",584,90108,1925.1,10554,1,"de-bw-08226000","49.3684849338","8.76708442595","1.3.2022"
"Pforzheim","Stadtkreis","Baden-Württemberg","126016",306,29548,1522,1918,1,"de-bw-08231000","48.8764005469","8.71277909336","1.3.2022"
"Calw","Landkreis","Baden-Württemberg","160149",248,32737,1434.9,2298,1,"de-bw-08235000","48.6789990614","8.6357698286","1.3.2022"
"Enzkreis","Landkreis","Baden-Württemberg","199752",322,37042,1500.9,2998,1,"de-bw-08236000","48.9144669267","8.73708120338","1.3.2022"
"Freudenstadt","Landkreis","Baden-Württemberg","118364",203,23462,1742.1,2062,1,"de-bw-08237000","48.4744061685","8.4653129709","1.3.2022"
"Freiburg im Breisgau","Stadtkreis","Baden-Württemberg","230940",224,41643,992.5,2292,1,"de-bw-08311000","47.9925229956","7.81807596197","1.3.2022"
"Breisgau-Hochschwarzwald","Landkreis","Baden-Württemberg","264867",270,44912,1099,2911,1,"de-bw-08315000","47.9249093559","7.92494089685","1.3.2022"
"Emmendingen","Landkreis","Baden-Württemberg","166862",209,29686,1122.5,1873,1,"de-bw-08316000","48.1485120637","7.89755038202","1.3.2022"
"Ortenaukreis","Landkreis","Baden-Württemberg","432580",729,90286,1337.3,5785,1,"de-bw-08317000","48.4209719355","8.01621990932","1.3.2022"
"Rottweil","Landkreis","Baden-Württemberg","140166",256,32544,1518.2,2128,1,"de-bw-08325000","48.254220293","8.53235133177","1.3.2022"
"Schwarzwald-Baar-Kreis","Landkreis","Baden-Württemberg","212872",320,47007,1836.8,3910,1,"de-bw-08326000","48.0191197382","8.41096435345","1.3.2022"
"Tuttlingen","Landkreis","Baden-Württemberg","141682",228,32312,1825.2,2586,1,"de-bw-08327000","48.01120044","8.7941361763","1.3.2022"
"Konstanz","Landkreis","Baden-Württemberg","286876",386,51751,1024.8,2940,1,"de-bw-08335000","47.7932127909","8.9157630123","1.3.2022"
"Lörrach","Landkreis","Baden-Württemberg","228842",378,44218,1085,2483,1,"de-bw-08336000","47.703504023","7.77402882816","1.3.2022"
"Waldshut","Landkreis","Baden-Württemberg","171237",276,31227,1016.1,1740,1,"de-bw-08337000","47.6971334745","8.21889239137","1.3.2022"
"Reutlingen","Landkreis","Baden-Württemberg","287497",390,58719,1207.7,3472,1,"de-bw-08415000","48.4064763532","9.36572629856","1.3.2022"
"Tübingen","Landkreis","Baden-Württemberg","228471",230,39205,1243.5,2841,1,"de-bw-08416000","48.481737902","8.98763400076","1.3.2022"
"Zollernalbkreis","Landkreis","Baden-Württemberg","189862",214,40629,1671.7,3174,1,"de-bw-08417000","48.2672389069","8.93742839835","1.3.2022"
"Ulm","Stadtkreis","Baden-Württemberg","126405",106,27420,1694.6,2142,1,"de-bw-08421000","48.3908327419","9.9500211353","1.3.2022"
"Alb-Donau-Kreis","Landkreis","Baden-Württemberg","198204",215,40035,1730.5,3430,1,"de-bw-08425000","48.4017114301","9.82744714375","1.3.2022"
"Biberach","Landkreis","Baden-Württemberg","202250",261,43598,1804.7,3650,1,"de-bw-08426000","48.1075826288","9.77425436647","1.3.2022"
"Bodenseekreis","Landkreis","Baden-Württemberg","217901",257,42128,1464.4,3191,1,"de-bw-08435000","47.7334602866","9.40077001359","1.3.2022"
"Ravensburg","Landkreis","Baden-Württemberg","285888",205,57064,1667.4,4767,1,"de-bw-08436000","47.8250441153","9.77989455833","1.3.2022"
"Sigmaringen","Landkreis","Baden-Württemberg","130946",140,27660,2014.6,2638,1,"de-bw-08437000","48.0391514971","9.24100350319","1.3.2022"
"Ingolstadt","Kreisfreie Stadt","Bayern","136952",217,32908,1686,2309,1,"de-by-09161000","48.7550927761","11.3950069326","1.3.2022"
"München","Kreisfreie Stadt","Bayern","1488202",1807,325946,1227.7,18270,3,"de-by-09162000","48.1532131611","11.5472441841","1.3.2022"
"Rosenheim","Kreisfreie Stadt","Bayern","63591",116,16769,1316.2,837,1,"de-by-09163000","47.8443777181","12.1087247511","1.3.2022"
"Altötting","Landkreis","Bayern","111654",302,25750,1608.5,1796,1,"de-by-09171000","48.2098044272","12.7052826752","1.3.2022"
"Berchtesgadener Land","Landkreis","Bayern","106327",172,28590,1778.5,1891,1,"de-by-09172000","47.6984724021","12.9018660877","1.3.2022"
"Bad Tölz-Wolfratshausen","Landkreis","Bayern","128212",167,30731,1723.7,2210,1,"de-by-09173000","47.7274771535","11.4831153973","1.3.2022"
"Dachau","Landkreis","Bayern","155117",204,36934,1529.8,2373,4,"de-by-09174000","48.3345482595","11.3571128101","1.3.2022"
"Ebersberg","Landkreis","Bayern","144091",245,30444,1467.1,2114,4,"de-by-09175000","48.0761776106","11.9131721198","1.3.2022"
"Eichstätt","Landkreis","Bayern","133169",134,28197,2035,2710,4,"de-by-09176000","48.8980875603","11.3703873291","1.3.2022"
"Erding","Landkreis","Bayern","138891",159,33615,1725.1,2396,1,"de-by-09177000","48.3003970808","12.0006246986","1.3.2022"
"Freising","Landkreis","Bayern","180313",200,38318,1357.6,2448,2,"de-by-09178000","48.4473569802","11.7406716932","1.3.2022"
"Fürstenfeldbruck","Landkreis","Bayern","218740",209,44235,1283.3,2807,1,"de-by-09179000","48.1877932949","11.2010776242","1.3.2022"
"Garmisch-Partenkirchen","Landkreis","Bayern","88279",126,17689,1867.9,1649,1,"de-by-09180000","47.5563489806","11.1296286125","1.3.2022"
"Landsberg am Lech","Landkreis","Bayern","121019",122,23733,1615.4,1955,1,"de-by-09181000","48.0244353759","10.9487346774","1.3.2022"
"Miesbach","Landkreis","Bayern","100183",158,22504,1666.9,1670,1,"de-by-09182000","47.7416453347","11.8089897365","1.3.2022"
"Mühldorf a. Inn","Landkreis","Bayern","116483",275,30751,1784.8,2079,1,"de-by-09183000","48.2393145242","12.3818280217","1.3.2022"
"München","Landkreis","Bayern","349685",340,68725,1101,3850,1,"de-by-09184000","48.0744744023","11.6313680405","1.3.2022"
"Neuburg-Schrobenhausen","Landkreis","Bayern","97730",114,22982,2087.4,2040,1,"de-by-09185000","48.6644203317","11.197210668","1.3.2022"
"Pfaffenhofen a.d. Ilm","Landkreis","Bayern","129128",210,27429,2189.3,2827,1,"de-by-09186000","48.5962751771","11.5242827055","1.3.2022"
"Rosenheim","Landkreis","Bayern","261721",679,67547,1665.1,4358,1,"de-by-09187000","47.8783797472","12.162753976","1.3.2022"
"Starnberg","Landkreis","Bayern","136610",155,25472,1147.1,1567,1,"de-by-09188000","48.0060469771","11.2817326717","1.3.2022"
"Traunstein","Landkreis","Bayern","177485",325,46631,1204.6,2138,1,"de-by-09189000","47.8945427587","12.5795750694","1.3.2022"
"Weilheim-Schongau","Landkreis","Bayern","136134",164,28177,1476.5,2010,1,"de-by-09190000","47.7875370323","11.0483364745","1.3.2022"
"Landshut","Kreisfreie Stadt","Bayern","73065",147,15963,1922.9,1405,1,"de-by-09261000","48.5446699826","12.1593416454","1.3.2022"
"Passau","Kreisfreie Stadt","Bayern","52415",142,10456,1719,901,1,"de-by-09262000","48.5820983986","13.4150504225","1.3.2022"
"Straubing","Kreisfreie Stadt","Bayern","47612",113,9653,1690.8,805,1,"de-by-09263000","48.8807544792","12.5734748714","1.3.2022"
"Deggendorf","Landkreis","Bayern","119479",248,28594,2254.8,2694,1,"de-by-09271000","48.7787021164","13.0007258015","1.3.2022"
"Freyung-Grafenau","Landkreis","Bayern","78355",194,20388,2925.1,2292,1,"de-by-09272000","48.8268581711","13.513210064","1.3.2022"
"Kelheim","Landkreis","Bayern","123390",148,26511,2218.2,2737,1,"de-by-09273000","48.8249414287","11.857554442","1.3.2022"
"Landshut","Landkreis","Bayern","161191",255,35772,2204.8,3554,1,"de-by-09274000","48.5577554134","12.1953924179","1.3.2022"
"Passau","Landkreis","Bayern","193454",540,45002,2329.2,4506,1,"de-by-09275000","48.5586304532","13.3666035859","1.3.2022"
"Regen","Landkreis","Bayern","77313",234,21336,2743.4,2121,1,"de-by-09276000","49.0228144148","13.0997637882","1.3.2022"
"Rottal-Inn","Landkreis","Bayern","121800",316,30690,2098.5,2556,1,"de-by-09277000","48.4245198693","12.8673504326","1.3.2022"
"Straubing-Bogen","Landkreis","Bayern","101745",176,23364,2358.8,2400,1,"de-by-09278000","48.89970504","12.5824039909","1.3.2022"
"Dingolfing-Landau","Landkreis","Bayern","97244",187,23490,1977.5,1923,1,"de-by-09279000","48.641164618","12.6104771899","1.3.2022"
"Amberg","Kreisfreie Stadt","Bayern","42052",51,8171,1417.3,596,1,"de-by-09361000","49.4509277374","11.8453726034","1.3.2022"
"Regensburg","Kreisfreie Stadt","Bayern","152270",140,32332,2216.5,3375,1,"de-by-09362000","49.0130808954","12.1137308794","1.3.2022"
"Weiden i.d. OPf.","Kreisfreie Stadt","Bayern","42535",107,8697,1949,829,1,"de-by-09363000","49.6692496128","12.1545339322","1.3.2022"
"Amberg-Sulzbach","Landkreis","Bayern","102998",205,18725,1335,1375,1,"de-by-09371000","49.4867511317","11.8009532083","1.3.2022"
"Cham","Landkreis","Bayern","128094",254,28287,2304.6,2952,1,"de-by-09372000","49.2370651553","12.6954795471","1.3.2022"
"Neumarkt i.d. OPf.","Landkreis","Bayern","135225",219,28735,1604.7,2170,1,"de-by-09373000","49.2159614099","11.5665579197","1.3.2022"
"Neustadt a.d. Waldnaab","Landkreis","Bayern","94645",217,19897,1821.5,1724,1,"de-by-09374000","49.6865828841","12.0982574415","1.3.2022"
"Regensburg","Landkreis","Bayern","194275",230,40952,3030.2,5887,2,"de-by-09375000","49.0213433263","12.1211612289","1.3.2022"
"Schwandorf","Landkreis","Bayern","148477",253,32112,2198.3,3264,3,"de-by-09376000","49.3680333605","12.2530847621","1.3.2022"
"Tirschenreuth","Landkreis","Bayern","71696",288,15990,1887.1,1353,3,"de-by-09377000","49.8993890086","12.2003418405","1.3.2022"
"Bamberg","Kreisfreie Stadt","Bayern","76674",135,12545,1369.4,1050,3,"de-by-09461000","49.8872221328","10.8989362521","1.3.2022"
"Bayreuth","Kreisfreie Stadt","Bayern","74048",146,13470,1322.1,979,1,"de-by-09462000","49.9377427404","11.5846727854","1.3.2022"
"Coburg","Kreisfreie Stadt","Bayern","40842",109,7432,1882.9,769,1,"de-by-09463000","50.2639516155","10.9644386599","1.3.2022"
"Hof","Kreisfreie Stadt","Bayern","45173",145,9427,1985.7,897,1,"de-by-09464000","50.3107956285","11.8972631725","1.3.2022"
"Bamberg","Landkreis","Bayern","147497",209,29069,1817.7,2681,1,"de-by-09471000","49.893428617","10.8836637829","1.3.2022"
"Bayreuth","Landkreis","Bayern","103679",198,18006,1442,1495,1,"de-by-09472000","49.8837610883","11.5551557567","1.3.2022"
"Coburg","Landkreis","Bayern","86571",194,15572,1880.5,1628,1,"de-by-09473000","50.267889506","10.9423260473","1.3.2022"
"Forchheim","Landkreis","Bayern","116600",156,20772,1794.2,2092,1,"de-by-09474000","49.7209968812","11.1731319634","1.3.2022"
"Hof","Landkreis","Bayern","94522",214,17032,1683.2,1591,1,"de-by-09475000","50.2732120456","11.8191928507","1.3.2022"
"Kronach","Landkreis","Bayern","66355",153,13855,2180.7,1447,1,"de-by-09476000","50.3279632281","11.3720466405","1.3.2022"
"Kulmbach","Landkreis","Bayern","71428",135,12273,1566.6,1119,1,"de-by-09477000","50.1026420807","11.4822991401","1.3.2022"
"Lichtenfels","Landkreis","Bayern","66722",131,13741,2140.2,1428,1,"de-by-09478000","50.1093305037","11.1169215721","1.3.2022"
"Wunsiedel i. Fichtelgebirge","Landkreis","Bayern","71974",224,14015,1949.3,1403,1,"de-by-09479000","50.0901405328","12.0418721069","1.3.2022"
"Ansbach","Kreisfreie Stadt","Bayern","41681",59,8333,2231.2,930,1,"de-by-09561000","49.2921846581","10.56366943","1.3.2022"
"Erlangen","Kreisfreie Stadt","Bayern","112385",120,16648,1201.2,1350,1,"de-by-09562000","49.5823292133","10.9781449629","1.3.2022"
"Fürth","Kreisfreie Stadt","Bayern","128223",294,28181,1456.8,1868,1,"de-by-09563000","49.4914188335","10.9654822077","1.3.2022"
"Nürnberg","Kreisfreie Stadt","Bayern","515543",1166,116712,1636.7,8438,1,"de-by-09564000","49.4362114486","11.0827553426","1.3.2022"
"Schwabach","Kreisfreie Stadt","Bayern","41056",125,8452,1424.9,585,1,"de-by-09565000","49.3356205083","11.0235125889","1.3.2022"
"Ansbach","Landkreis","Bayern","185316",245,36647,1998.2,3703,1,"de-by-09571000","49.2481645834","10.4681333941","1.3.2022"
"Erlangen-Höchstadt","Landkreis","Bayern","138105",169,23128,1488.7,2056,1,"de-by-09572000","49.6400408309","10.9148933012","1.3.2022"
"Fürth","Landkreis","Bayern","118695",262,22278,1614.2,1916,1,"de-by-09573000","49.4466905187","10.8496864939","1.3.2022"
"Nürnberger Land","Landkreis","Bayern","171143",239,29147,1521,2603,1,"de-by-09574000","49.4919039379","11.3694064626","1.3.2022"
"Neustadt a.d. Aisch-Bad Windsheim","Landkreis","Bayern","101272",131,14854,483.8,490,1,"de-by-09575000","49.5694835927","10.4652916664","1.3.2022"
"Roth","Landkreis","Bayern","127168",211,25271,1634.8,2079,1,"de-by-09576000","49.2029170864","11.1235654086","1.3.2022"
"Weißenburg-Gunzenhausen","Landkreis","Bayern","95117",160,19468,1960.7,1865,1,"de-by-09577000","49.0326858351","10.8936591358","1.3.2022"
"Aschaffenburg","Kreisfreie Stadt","Bayern","70858",145,13670,1440.9,1021,1,"de-by-09661000","49.9638560444","9.14581192433","1.3.2022"
"Schweinfurt","Kreisfreie Stadt","Bayern","53319",128,12534,1010.9,539,1,"de-by-09662000","50.0470080022","10.2208919522","1.3.2022"
"Würzburg","Kreisfreie Stadt","Bayern","126954",156,26630,1977.9,2511,1,"de-by-09663000","49.7846554247","9.94089602932","1.3.2022"
"Aschaffenburg","Landkreis","Bayern","174658",254,30186,1394.7,2436,1,"de-by-09671000","50.0080931044","9.23803745665","1.3.2022"
"Bad Kissingen","Landkreis","Bayern","103169",164,19085,1539.2,1588,1,"de-by-09672000","50.2225139424","9.96470110779","1.3.2022"
"Rhön-Grabfeld","Landkreis","Bayern","79510",128,17118,2139.4,1701,1,"de-by-09673000","50.3713127519","10.2549075725","1.3.2022"
"Haßberge","Landkreis","Bayern","84275",126,17405,1984,1672,1,"de-by-09674000","50.0628789327","10.6069788351","1.3.2022"
"Kitzingen","Landkreis","Bayern","91696",114,16337,1977.2,1813,3,"de-by-09675000","49.7532253896","10.2560624461","1.3.2022"
"Miltenberg","Landkreis","Bayern","128743",192,25261,1787.3,2301,1,"de-by-09676000","49.7572905887","9.23471658769","1.3.2022"
"Main-Spessart","Landkreis","Bayern","125976",236,18440,1436.8,1810,1,"de-by-09677000","49.9935822339","9.66268166277","1.3.2022"
"Schweinfurt","Landkreis","Bayern","115652",189,22689,1181.1,1366,1,"de-by-09678000","50.016881784","10.2599503138","1.3.2022"
"Würzburg","Landkreis","Bayern","162697",112,27648,1883.9,3065,1,"de-by-09679000","49.737626672","9.92736341488","1.3.2022"
"Augsburg","Kreisfreie Stadt","Bayern","295830",588,69162,1380.5,4084,1,"de-by-09761000","48.3455708649","10.885505361","1.3.2022"
"Kaufbeuren","Kreisfreie Stadt","Bayern","44662",96,9640,1663.6,743,1,"de-by-09762000","47.8799285987","10.6160967463","1.3.2022"
"Kempten (Allgäu)","Kreisfreie Stadt","Bayern","68940",77,15042,1740.6,1200,1,"de-by-09763000","47.7381842508","10.3081184931","1.3.2022"
"Memmingen","Kreisfreie Stadt","Bayern","44360",34,9748,1733.5,769,1,"de-by-09764000","47.9787874869","10.1630276762","1.3.2022"
"Aichach-Friedberg","Landkreis","Bayern","135024",154,28625,2247.7,3035,1,"de-by-09771000","48.4275701484","11.0527555565","1.3.2022"
"Augsburg","Landkreis","Bayern","255900",370,53810,1728,4422,1,"de-by-09772000","48.3542871832","10.7320845344","1.3.2022"
"Dillingen a.d. Donau","Landkreis","Bayern","97172",184,20745,2081.9,2023,1,"de-by-09773000","48.5964037974","10.527764168","1.3.2022"
"Günzburg","Landkreis","Bayern","127342",177,31071,1568.2,1997,1,"de-by-09774000","48.3528138472","10.3811312115","1.3.2022"
"Neu-Ulm","Landkreis","Bayern","175823",215,36268,1675,2945,2,"de-by-09775000","48.2982265453","10.1411558091","1.3.2022"
"Lindau (Bodensee)","Landkreis","Bayern","82085",79,16794,1860.3,1527,2,"de-by-09776000","47.6051649499","9.88286136549","1.3.2022"
"Ostallgäu","Landkreis","Bayern","141907",229,32815,1622.2,2302,2,"de-by-09777000","47.769959059","10.6397316342","1.3.2022"
"Unterallgäu","Landkreis","Bayern","146164",243,34875,1797.3,2627,2,"de-by-09778000","48.0398130352","10.3892327572","1.3.2022"
"Donau-Ries","Landkreis","Bayern","134324",230,29769,1990.7,2674,2,"de-by-09779000","48.8069320352","10.7123441979","1.3.2022"
"Oberallgäu","Landkreis","Bayern","156308",157,31555,1907.8,2982,2,"de-by-09780000","47.572707564","10.2586229074","1.3.2022"
"Regionalverband Saarbrücken","Landkreis","Saarland","327502",618,56232,1078.5,3532,2,"de-sl-10041000","49.2513823946","6.95729652837","1.3.2022"
"Merzig-Wadern","Landkreis","Saarland","103471",100,16284,1219.7,1262,2,"de-sl-10042000","49.4957645611","6.68048479703","1.3.2022"
"Neunkirchen","Landkreis","Saarland","131172",178,19819,1411.1,1851,1,"de-sl-10043000","49.3757016517","7.11720320683","1.3.2022"
"Saarlouis","Landkreis","Saarland","193732",210,33920,1362.2,2639,1,"de-sl-10044000","49.3553415477","6.77554333939","1.3.2022"
"Saarpfalz-Kreis","Landkreis","Saarland","141656",164,21207,1219.2,1727,1,"de-sl-10045000","49.2486993859","7.24222124863","1.3.2022"
"St. Wendel","Landkreis","Saarland","86458",133,11715,1177.5,1018,1,"de-sl-10046000","49.5195731082","7.1004332453","1.3.2022"
"Brandenburg an der Havel","Kreisfreie Stadt","Brandenburg","72040",138,11626,1900.3,1369,1,"de-bb-12051000","52.4027150878","12.5193337833","1.3.2022"
"Cottbus","Kreisfreie Stadt","Brandenburg","98693",276,23407,2091.3,2064,1,"de-bb-12052000","51.7726930018","14.3662188537","1.3.2022"
"Frankfurt (Oder)","Kreisfreie Stadt","Brandenburg","57015",171,11317,1713.6,977,1,"de-bb-12053000","52.3247630784","14.4903487489","1.3.2022"
"Potsdam","Kreisfreie Stadt","Brandenburg","182112",266,34850,1152.6,2099,1,"de-bb-12054000","52.4261784936","13.0285491746","1.3.2022"
"Barnim","Landkreis","Brandenburg","187343",336,35907,724.9,1358,1,"de-bb-12060000","52.8232279789","13.7037311303","1.3.2022"
"Dahme-Spreewald","Landkreis","Brandenburg","173316",351,35599,1535.9,2662,1,"de-bb-12061000","52.0423069298","13.8199407798","1.3.2022"
"Elbe-Elster","Landkreis","Brandenburg","101085",366,24089,1960.7,1982,1,"de-bb-12062000","51.6122710164","13.459588917","1.3.2022"
"Havelland","Landkreis","Brandenburg","164693",244,29914,957.5,1577,1,"de-bb-12063000","52.6208208123","12.6283469145","1.3.2022"
"Märkisch-Oderland","Landkreis","Brandenburg","197195",368,39848,1388.5,2738,1,"de-bb-12064000","52.6067238051","14.1464643331","1.3.2022"
"Oberhavel","Landkreis","Brandenburg","214234",376,40613,1257,2693,1,"de-bb-12065000","52.9068326453","13.2053022184","1.3.2022"
"Oberspreewald-Lausitz","Landkreis","Brandenburg","108396",369,27166,1183.6,1283,1,"de-bb-12066000","51.6163005208","13.9436173031","1.3.2022"
"Oder-Spree","Landkreis","Brandenburg","179276",422,39548,1472,2639,1,"de-bb-12067000","52.244008511","14.2190594331","1.3.2022"
"Ostprignitz-Ruppin","Landkreis","Brandenburg","98808",187,18701,1814.6,1793,1,"de-bb-12068000","52.9914230426","12.6359589515","1.3.2022"
"Potsdam-Mittelmark","Landkreis","Brandenburg","217954",270,42020,1422.3,3100,1,"de-bb-12069000","52.246294705","12.6891435021","1.3.2022"
"Prignitz","Landkreis","Brandenburg","76096",221,16243,2452.2,1866,1,"de-bb-12070000","53.1093267277","11.9618269267","1.3.2022"
"Spree-Neiße","Landkreis","Brandenburg","113011",313,26810,1559.1,1762,1,"de-bb-12071000","51.7585932354","14.4331285714","1.3.2022"
"Teltow-Fläming","Landkreis","Brandenburg","171554",278,36307,1302.8,2235,1,"de-bb-12072000","52.073184313","13.276018196","1.3.2022"
"Uckermark","Landkreis","Brandenburg","118250",231,23884,1697.3,2007,1,"de-bb-12073000","53.2059030724","13.8612986206","1.3.2022"
"Rostock","Kreisfreie Stadt","Mecklenburg-Vorpommern","209061",108,28891,1719.6,3595,2,"de-mv-13003000","54.1463883937","12.1417471216","1.3.2022"
"Schwerin","Kreisfreie Stadt","Mecklenburg-Vorpommern","95609",136,14235,1480,1415,1,"de-mv-13004000","53.6215100516","11.4165299501","1.3.2022"
"Mecklenburgische Seenplatte","Landkreis","Mecklenburg-Vorpommern","258057",203,35859,1087,2805,1,"de-mv-13071000","53.5436927516","13.0024606209","1.3.2022"
"Rostock","Landkreis","Mecklenburg-Vorpommern","217072",260,33013,1740.9,3779,3,"de-mv-13072000","53.91204551","12.220833831","1.3.2022"
"Vorpommern-Rügen","Landkreis","Mecklenburg-Vorpommern","225383",195,31084,1760.6,3968,1,"de-mv-13073000","54.2842029523","12.9915254157","1.3.2022"
"Nordwestmecklenburg","Landkreis","Mecklenburg-Vorpommern","157975",106,23842,1426.8,2254,3,"de-mv-13074000","53.8215122283","11.2521094692","1.3.2022"
"Vorpommern-Greifswald","Landkreis","Mecklenburg-Vorpommern","235773",417,39779,1561.2,3681,4,"de-mv-13075000","53.7895111552","13.780696363","1.3.2022"
"Ludwigslust-Parchim","Landkreis","Mecklenburg-Vorpommern","211844",342,33411,1553,3290,4,"de-mv-13076000","53.4500470376","11.5341416118","1.3.2022"
"Chemnitz","Kreisfreie Stadt","Sachsen","244401",786,48260,1095.7,2678,4,"de-sn-14511000","50.8263036941","12.9118299015","1.3.2022"
"Erzgebirgskreis","Landkreis","Sachsen","331917",1497,84808,1367.2,4538,4,"de-sn-14521000","50.6088984202","12.9450724745","1.3.2022"
"Mittelsachsen","Landkreis","Sachsen","301474",970,73901,1140.7,3439,4,"de-sn-14522000","50.9558166403","13.1375068135","1.3.2022"
"Vogtlandkreis","Landkreis","Sachsen","223905",1150,50510,1214.4,2719,4,"de-sn-14523000","50.4567929391","12.2349996186","1.3.2022"
"Zwickau","Landkreis","Sachsen","312033",1411,73720,1129.7,3525,4,"de-sn-14524000","50.750774796","12.5258055075","1.3.2022"
"Dresden","Kreisfreie Stadt","Sachsen","556227",1581,127048,956.3,5319,4,"de-sn-14612000","51.0664442924","13.7834490742","1.3.2022"
"Bautzen","Landkreis","Sachsen","298010",1344,81167,1215.4,3622,4,"de-sn-14625000","51.2689135848","14.2310085239","1.3.2022"
"Görlitz","Landkreis","Sachsen","250558",1519,60869,876.4,2196,4,"de-sn-14626000","51.2256177492","14.750796811","1.3.2022"
"Meißen","Landkreis","Sachsen","240371",907,61255,1144.9,2752,2,"de-sn-14627000","51.239397748","13.4829006825","1.3.2022"
"Sächsische Schweiz-Osterzgebirge","Landkreis","Sachsen","244722",1354,67760,1051.8,2574,2,"de-sn-14628000","50.9167179421","13.8734340504","1.3.2022"
"Leipzig","Kreisfreie Stadt","Sachsen","597493",735,104571,1325.5,7920,2,"de-sn-14713000","51.3422385995","12.3747717597","1.3.2022"
"Leipzig","Landkreis","Sachsen","258386",521,58508,1460.6,3774,2,"de-sn-14729000","51.2214366733","12.5994908653","1.3.2022"
"Nordsachsen","Landkreis","Sachsen","197444",533,44462,1260.1,2488,2,"de-st-14730000","51.4728650798","12.7793967591","1.3.2022"
"Dessau-Roßlau","Kreisfreie Stadt","Sachsen-Anhalt","79354",146,14239,1306.8,1037,1,"de-st-15001000","51.8537380889","12.2310559599","1.3.2022"
"Halle (Saale)","Kreisfreie Stadt","Sachsen-Anhalt","237865",488,44093,1466,3487,1,"de-st-15002000","51.4798019096","11.9684968347","1.3.2022"
"Magdeburg","Kreisfreie Stadt","Sachsen-Anhalt","235775",207,39463,1479.4,3488,1,"de-st-15003000","52.1165976423","11.6414820231","1.3.2022"
"Altmarkkreis Salzwedel","Landkreis","Sachsen-Anhalt","82687",131,13557,1659.3,1372,1,"de-st-15081000","52.6800481605","11.2270452746","1.3.2022"
"Anhalt-Bitterfeld","Landkreis","Sachsen-Anhalt","157217",321,30231,1354.2,2129,1,"de-st-15082000","51.7954450255","12.1432020671","1.3.2022"
"Börde","Landkreis","Sachsen-Anhalt","170567",186,33986,3406.9,5811,1,"de-st-15083000","52.2207122989","11.3478384337","1.3.2022"
"Burgenlandkreis","Landkreis","Sachsen-Anhalt","177590",790,38172,1593,2829,1,"de-st-15084000","51.1472256333","11.8834224288","1.3.2022"
"Harz","Landkreis","Sachsen-Anhalt","210975",417,36274,1961.4,4138,1,"de-st-15085000","51.8212958888","10.9585438222","1.3.2022"
"Jerichower Land","Landkreis","Sachsen-Anhalt","89403",176,17373,2544.7,2275,1,"de-st-15086000","52.2607898277","12.0265188373","1.3.2022"
"Mansfeld-Südharz","Landkreis","Sachsen-Anhalt","133690",316,26936,2229,2980,4,"de-st-15087000","51.5356901778","11.3563584729","1.3.2022"
"Saalekreis","Landkreis","Sachsen-Anhalt","183434",506,39498,1715.6,3147,2,"de-st-15088000","51.4256710773","11.865474038","1.3.2022"
"Salzlandkreis","Landkreis","Sachsen-Anhalt","187457",432,35543,1784.9,3346,2,"de-st-15089000","51.8518591913","11.6427256195","1.3.2022"
"Stendal","Landkreis","Sachsen-Anhalt","110485",261,18630,1622.8,1793,2,"de-st-15090000","52.6967781735","11.8395343529","1.3.2022"
"Wittenberg","Landkreis","Sachsen-Anhalt","124185",377,24432,1425.3,1770,2,"de-st-15091000","51.8201400674","12.7015882396","1.3.2022"
"Erfurt","Kreisfreie Stadt","Thüringen","213692",445,33810,741.3,1584,2,"de-th-16051000","50.9832526908","11.0202248069","1.3.2022"
"Gera","Kreisfreie Stadt","Thüringen","92126",327,17476,1408.9,1298,2,"de-th-16052000","50.8940170773","12.0826961871","1.3.2022"
"Jena","Kreisfreie Stadt","Thüringen","110731",129,17509,1491,1651,2,"de-th-16053000","50.9242638034","11.5870112529","1.3.2022"
"Suhl","Kreisfreie Stadt","Thüringen","36395",168,6662,1011.1,368,2,"de-th-16054000","50.611602852","10.6881775642","1.3.2022"
"Weimar","Kreisfreie Stadt","Thüringen","65098",133,10868,1425.5,928,2,"de-th-16055000","50.9783471684","11.3178722759","1.3.2022"
"Eichsfeld","Landkreis","Thüringen","99463",303,18502,1889.1,1879,1,"de-th-16061000","51.3836491981","10.2534853921","1.3.2022"
"Nordhausen","Landkreis","Thüringen","82456",95,12075,1552.3,1280,1,"de-th-16062000","51.5022779756","10.7309067397","1.3.2022"
"Wartburgkreis","Landkreis","Thüringen","159937",419,29625,1088.6,1741,1,"de-th-16063000","50.8858017017","10.2107039491","1.3.2022"
"Unstrut-Hainich-Kreis","Landkreis","Thüringen","101698",384,19675,1392.4,1416,1,"de-th-16064000","51.185238708","10.551795561","1.3.2022"
"Kyffhäuserkreis","Landkreis","Thüringen","73522",219,12725,1021.5,751,1,"de-th-16065000","51.3247630758","10.9848331992","1.3.2022"
"Schmalkalden-Meiningen","Landkreis","Thüringen","124241",603,28420,1228.3,1526,1,"de-th-16066000","50.6307076864","10.4050434075","1.3.2022"
"Gotha","Landkreis","Thüringen","134563",315,26612,1034.5,1392,1,"de-th-16067000","50.9106605802","10.6937627152","1.3.2022"
"Sömmerda","Landkreis","Thüringen","69107",210,13792,1332.7,921,1,"de-th-16068000","51.1578080643","11.1547511823","1.3.2022"
"Hildburghausen","Landkreis","Thüringen","62656",382,16304,1426.8,894,1,"de-th-16069000","50.4340027482","10.7340904102","1.3.2022"
"Ilm-Kreis","Landkreis","Thüringen","105606",402,22469,1430.8,1511,1,"de-th-16070000","50.7379337622","10.9663574908","1.3.2022"
"Weimarer Land","Landkreis","Thüringen","82291",120,15784,1478.9,1217,1,"de-th-16071000","50.9715719951","11.3735532667","1.3.2022"
"Sonneberg","Landkreis","Thüringen","57044",269,12862,1176.3,671,1,"de-th-16072000","50.4146305494","11.1329526551","1.3.2022"
"Saalfeld-Rudolstadt","Landkreis","Thüringen","102139",480,22062,1742.7,1780,2,"de-th-16073000","50.637797959","11.3091162493","1.3.2022"
"Saale-Holzland-Kreis","Landkreis","Thüringen","82816",196,17840,1883.7,1560,2,"de-th-16074000","50.904172137","11.7315307817","1.3.2022"
"Saale-Orla-Kreis","Landkreis","Thüringen","79632",292,18792,1346.2,1072,2,"de-th-16075000","50.5808480206","11.7105737336","1.3.2022"
"Greiz","Landkreis","Thüringen","96668",332,19478,720,696,2,"de-th-16076000","50.7484595538","12.0740705739","1.3.2022"
"Altenburger Land","Landkreis","Thüringen","88356",392,18902,1491.7,1318,2,"de-th-16077000","50.9564246614","12.3991313423","1.3.2022"
